<?xml version="1.0" encoding="UTF-8"?>

<mule xmlns:core="http://www.mulesoft.org/schema/mule/core" xmlns:file="http://www.mulesoft.org/schema/mule/file"
	xmlns:amqp="http://www.mulesoft.org/schema/mule/amqp" 
xmlns:vm="http://www.mulesoft.org/schema/mule/vm" 
xmlns:cplog="http://www.ebuilder.com/schema/mule/cplog"
	xmlns:tls="http://www.mulesoft.org/schema/mule/tls"
	 xmlns:context="http://www.springframework.org/schema/context"
	xmlns:metadata="http://www.mulesoft.org/schema/mule/metadata"
	 xmlns:mulexml="http://www.mulesoft.org/schema/mule/xml"
	  xmlns:https="http://www.mulesoft.org/schema/mule/https"
	xmlns:cxf="http://www.mulesoft.org/schema/mule/cxf"
	 xmlns:ws="http://www.mulesoft.org/schema/mule/ws" 
	 xmlns:http="http://www.mulesoft.org/schema/mule/http" 
	 xmlns="http://www.mulesoft.org/schema/mule/core" 
	 xmlns:doc="http://www.mulesoft.org/schema/mule/documentation"
	xmlns:spring="http://www.springframework.org/schema/beans" 
	xmlns:xsi="http://www.w3.org/2001/XMLSchema-instance"
	xsi:schemaLocation="http://www.mulesoft.org/schema/mule/core http://www.mulesoft.org/schema/mule/core/current/mule.xsd
http://www.mulesoft.org/schema/mule/file http://www.mulesoft.org/schema/mule/file/current/mule-file.xsd
http://www.mulesoft.org/schema/mule/vm http://www.mulesoft.org/schema/mule/vm/current/mule-vm.xsd
http://www.springframework.org/schema/context http://www.springframework.org/schema/context/spring-context.xsd
http://www.mulesoft.org/schema/mule/https http://www.mulesoft.org/schema/mule/https/current/mule-https.xsd
http://www.springframework.org/schema/beans http://www.springframework.org/schema/beans/spring-beans-current.xsd
http://www.mulesoft.org/schema/mule/http http://www.mulesoft.org/schema/mule/http/current/mule-http.xsd
http://www.mulesoft.org/schema/mule/ws http://www.mulesoft.org/schema/mule/ws/current/mule-ws.xsd
http://www.mulesoft.org/schema/mule/cxf http://www.mulesoft.org/schema/mule/cxf/current/mule-cxf.xsd
http://www.mulesoft.org/schema/mule/xml http://www.mulesoft.org/schema/mule/xml/current/mule-xml.xsd
http://www.mulesoft.org/schema/mule/tls http://www.mulesoft.org/schema/mule/tls/current/mule-tls.xsd
http://www.mulesoft.org/schema/mule/amqp http://www.mulesoft.org/schema/mule/amqp/current/mule-amqp.xsd
http://www.ebuilder.com/schema/mule/cplog http://www.ebuilder.com/schema/mule/cplog/current/mule-cplog.xsd">

	<!-- xternal Properties file -->
	<context:property-placeholder  ignore-resource-not-found="true" location="file:///${MULE_PROJECT}/processShipment/config/shipment-process.properties,file:///${MULE_PROJECT}/processShipment/config/key-attribute.properties"/>
   
   <!--
	 - XML namespaces for all messages involved in the flow 
	 -->
	<mulexml:namespace-manager includeConfigNamespaces="true">
    	<mulexml:namespace prefix="da" uri="urn:com:ebuilder:ebtransport:ubleb:despatchadvice"/>
    </mulexml:namespace-manager>
   <spring:beans>
        <spring:bean id="OutInteceptor" name="OutInteceptor" class="org.apache.cxf.interceptor.LoggingOutInterceptor" scope="prototype"/> 
      <spring:bean id="InInteceptor" name="InInteceptor" class="com.ebuilder.shipment.interceptor.CxfSoapOutInterceptor" scope="prototype"/>
      <spring:bean id="CustomSoapFaultInterceptor" class="com.ebuilder.shipment.interceptor.CustomSoapFaultInterceptor" scope="prototype"/>
   </spring:beans>
   
    <http:listener-config name="HTTP_Listener_Process_shipment_inbound" host="${shipment.process.inbound.host}"  port="${shipment.process.inbound.port}" basePath="${shipment.process.inbound.basepath}" doc:name="HTTP Listener Configuration"/>
    <custom-transformer class="com.ebuilder.shipment.transformer.DespatchAdviceToShipmentReqTransformer" name="DespatchAdviceToShipmentReqTransformer" encoding="UTF-8" doc:name="Java"/>
    <custom-transformer class="com.ebuilder.shipment.transformer.ShipmentResToDespatchAdviceOriginalRequestTransformer" name="ShipmentResToDespatchAdviceTransformer" encoding="UTF-8" doc:name="Java"/>
    <!-- <http:request-config name="HTTP_Request_Configuration_for_UPS_service" protocol="HTTPS" host="wwwcie.ups.com" port="80" doc:name="HTTP Request Configuration">
        <tls:context>
            <tls:key-store path="xmlpitest.jks" keyPassword="changeit" password="changeit"/>
        </tls:context>
    </http:request-config> -->
    <https:connector name="HTTPS_Connector" cookieSpec="netscape" validateConnections="true" sendBufferSize="0" receiveBufferSize="0" receiveBacklog="0" sendTcpNoDelay="true" clientSoTimeout="${shipment.process.inbound.timeout}" serverSoTimeout="${shipment.process.inbound.timeout}" socketSoLinger="0" doc:name="HTTP\HTTPS">
		<service-overrides sessionHandler="org.mule.session.NullSessionHandler"/>
        <!-- <https:tls-key-store path="xmlpitest.jks" keyPassword="changeit" storePassword="changeit"></https:tls-key-store> -->
         <https:tls-key-store path="muleesb.jks" keyPassword="test123" storePassword="test123"/>
    </https:connector>
    <!-- <mulexml:jaxb-context name="JAXB_Context" packageNames="com.ups.ship" doc:name="JAXB Context"/> -->
    
     <spring:beans>
        <spring:import resource="classpath:commons-mule-exceptions-http.xml"/>
       <!--  <spring:bean id="CustomMappingInterceptor" name="CustomMappingInterceptor" class="com.ebuilder.service.interceptors.CustomMappingInterceptor"/> -->
    </spring:beans>
    <spring:beans>
        <spring:bean id="LocalExceptionMapper.ShipmetProcessFaultClientException" class="com.ebuilder.commons.muleapi.exceptionmapper.http.HttpExceptionMapEntry">
            <spring:property name="exceptionClass" value="com.ebuilder.shipment.exception.ShipmentFaultClientException"/>
            <spring:property name="httpStatus" value="400"/>
            <spring:property name="code" value="2000"/>
        </spring:bean>
        <spring:bean id="LocalExceptionMapper.ShipmentProcessFaultInternalException" class="com.ebuilder.commons.muleapi.exceptionmapper.http.HttpExceptionMapEntry">
            <spring:property name="exceptionClass" value="com.ebuilder.shipment.exception.ShipmentFaultInternalException"/>
            <spring:property name="httpStatus" value="500"/>
            <spring:property name="code" value="2001"/>
        </spring:bean>
        <spring:bean id="LocalExceptionMapper.ShipmentProcessFaultRemoteException" class="com.ebuilder.commons.muleapi.exceptionmapper.http.HttpExceptionMapEntry">
            <spring:property name="exceptionClass" value="com.ebuilder.shipment.exception.ShipmentFaultRemoteException"/>
            <spring:property name="httpStatus" value="503"/>
            <spring:property name="code" value="2002"/>
        </spring:bean>
        <spring:bean id="LocalExceptionMapper.ConnectException" class="com.ebuilder.commons.muleapi.exceptionmapper.http.HttpExceptionMapEntry">
            <spring:property name="exceptionClass" value="org.mule.transport.ConnectException"/>
            <spring:property name="httpStatus" value="503"/>
            <spring:property name="code" value="2002"/>
        </spring:bean>
         <spring:bean id="LocalExceptionMapper.SoapFaultException" class="com.ebuilder.commons.muleapi.exceptionmapper.http.HttpExceptionMapEntry">
            <spring:property name="exceptionClass" value="com.ups.ship.ShipmentErrorMessage"/>
            <spring:property name="httpStatus" value="400"/>
          
        </spring:bean>
        <spring:bean id="LocalExceptionFormatter" class="com.ebuilder.shipment.transformer.FaultTransformer"/>
        <spring:bean id="LocalExceptionMapper" class="com.ebuilder.commons.muleapi.exceptionmapper.http.HttpExceptionMapper" scope="prototype">
            <spring:property name="parentRef" ref="HttpExceptionMapper"/>
            <spring:property name="formatter" ref="LocalExceptionFormatter"/>
            <spring:property name="exceptionMap">
                <spring:list>
                    <spring:ref bean="LocalExceptionMapper.ShipmetProcessFaultClientException"/>
                    <spring:ref bean="LocalExceptionMapper.ShipmentProcessFaultInternalException"/>
                    <spring:ref bean="LocalExceptionMapper.ShipmentProcessFaultRemoteException"/>
                    <spring:ref bean="LocalExceptionMapper.ConnectException"/>
                    <spring:ref bean="LocalExceptionMapper.SoapFaultException"/>
                </spring:list>
            </spring:property>
        </spring:bean>
       </spring:beans>
       
         <!-- CP logger configurations -->
	
	 <vm:connector name="VM_CPLogger_Connector" validateConnections="true" doc:name="VM">
    	<service-overrides sessionHandler="org.mule.session.NullSessionHandler"/>
   		<vm:queue-profile>
        	<default-persistent-queue-store/>
    	</vm:queue-profile>
	</vm:connector>
	<vm:endpoint exchange-pattern="one-way" path="CPLogEvent" name="VM_CPLogEvent_Endpoint" doc:name="VM" connector-ref="VM_CPLogger_Connector"/>
	<vm:endpoint exchange-pattern="one-way" path="CPKeyAttribute" name="VM_CPKeyAttribute_Endpoint" doc:name="VM" connector-ref="VM_CPLogger_Connector"/>
	<spring:beans>
   		<spring:bean id="ObjectStore_CPLogEvent" name="ObjectStore_CPLogEvent" class="org.mule.util.store.QueuePersistenceObjectStore" />
    	<spring:bean id="ObjectStore_CPKeyAttribute" name="ObjectStore_CPKeyAttribute" class="org.mule.util.store.QueuePersistenceObjectStore" />
	</spring:beans>
	<amqp:connector name="AMQP_CPLogger_Connector" doc:name="AMQP Connector CPLogger" validateConnections="true" host="${cplogger.amqp.host}" port="${cplogger.amqp.port}" fallbackAddresses="${cplogger.amqp.alternatehosts}" virtualHost="${cplogger.amqp.vhost}" username="${cplogger.amqp.user}" password="${cplogger.amqp.password}">
    	<reconnect-forever/>
    	<service-overrides sessionHandler="org.mule.session.NullSessionHandler"/>
	</amqp:connector>  
	
	
	 <!--
     - File archive configurations 
     -->
	 <vm:connector name="VM_FileArchive_Connector" validateConnections="true" doc:name="VM">
	    <service-overrides sessionHandler="org.mule.session.NullSessionHandler"/>
	    <vm:queue-profile>
        	<default-persistent-queue-store/>
    	</vm:queue-profile>
	</vm:connector>
	
	
	<vm:endpoint exchange-pattern="one-way" path="FileArchive" name="VM_FileArchive_Endpoint" doc:name="VM" connector-ref="VM_FileArchive_Connector"/>
	<spring:beans>
	    <spring:bean id="ObjectStore_FileArchive" name="ObjectStore_FileArchive" class="org.mule.util.store.QueuePersistenceObjectStore" />
	</spring:beans>
	<amqp:connector name="AMQP_FileArchive_Connector" doc:name="AMQP Connector File Archive" validateConnections="true" host="${filearchive.amqp.host}" port="${filearchive.amqp.port}" fallbackAddresses="${filearchive.amqp.alternatehosts}" virtualHost="${filearchive.amqp.vhost}" username="${filearchive.amqp.user}" password="${filearchive.amqp.password}">
    	<reconnect-forever/>
    	<service-overrides sessionHandler="org.mule.session.NullSessionHandler"/>
	</amqp:connector>
    <vm:connector name="VM_UPS_Web_Service_Connector" validateConnections="true" doc:name="VM">
    	 <service-overrides sessionHandler="org.mule.session.NullSessionHandler"/>
    	 <vm:queue-profile>
        	<default-in-memory-queue-store></default-in-memory-queue-store>
    	</vm:queue-profile>
    </vm:connector>
    
    
    <vm:endpoint exchange-pattern="request-response" path="ups_webservice" connector-ref="VM_UPS_Web_Service_Connector" name="VM_UPS_Web_Service_Endpoint" doc:name="VM"/>
    
        
    <flow name="ebasa-mule-ups-process-shipmentFlow">
        <http:listener config-ref="HTTP_Listener_Process_shipment_inbound" path="/" doc:name="HTTP"/>
        <byte-array-to-string-transformer doc:name="Byte Array to String"/>
        <flow-ref name="InitializeRequestMessage" doc:name="InitializeRequestMessage"/>
        <set-property propertyName="MULE_ENCODING" value="${shipment.process.encoding}" doc:name="Set Encoding"/>
        
         <!-- CP logs -->
        <cplog:logevent endpointName="VM_CPLogEvent_Endpoint" fileTypeCode="#[message.outboundProperties['cpFileTypeCode']]" messageRef="#[message.outboundProperties['cpMessageRef']]" eventType="Receive" eventDescription="${cp.logevent.request.receive.description}" doc:name="eB LogEvent"/>
        <cplog:keyattributeevent endpointName="VM_CPKeyAttribute_Endpoint" messageRef="#[message.outboundProperties['cpMessageRef']]" doc:name="eB KeyAttributeEvent">
           <cplog:key-attribute attributeName="DespatchAdvice.ID" expression="#[xpath('/da:DespatchAdvice/da:ID/text()')]" postExpression="#[_KeyAttribute.getText()]"/>
        </cplog:keyattributeevent> 
     	<cplog:filearchiveevent endpointName="VM_FileArchive_Endpoint" messageRef="#[message.outboundProperties['cpMessageRef']]" project="${filearchive.project}" messageType="${filearchive.messagetype.asa.request}" contentType="text/xml" encoding="#[message.outboundProperties['MULE_ENCODING']]" doc:name="Archive ASA Request"/>
       <!--  <set-session-variable variableName="userName" value="#[xpath('/da:DespatchAdvice/da:DespatchSupplierParty/da:UserName/text()')]" doc:name="Session Variable"/>
        <set-session-variable variableName="password" value="#[xpath('/da:DespatchAdvice/da:DespatchSupplierParty/da:Password/text()')]" doc:name="Session Variable"/>
        <set-session-variable variableName="accessKey" value="#[xpath('/da:DespatchAdvice/da:DespatchSupplierParty/da:AccessKey/text()')]" doc:name="Session Variable"/> -->
        <logger message="DespatchAdvice Request from ASA&gt;&gt;&gt;&gt;&gt;&gt;&gt;&gt;#[payload]" level="INFO" doc:name="Log Despatch Advice Request from ASA"/>
        
         <vm:outbound-endpoint exchange-pattern="request-response" ref="VM_UPS_Web_Service_Endpoint" doc:name="Call UPS Web Service"/>
        <copy-properties propertyName="*" doc:name="Copy Properties"/>
        <logger message="Response Massage &gt;&gt;&gt;&gt;&gt;#[message]" level="INFO" doc:name="Logger"/>
        <!-- <mulexml:jaxb-xml-to-object-transformer mimeType="application/xml" jaxbContext-ref="JAXB_Context" doc:name="XML to JAXB Object"/> -->
              
         <!-- UPS Endpoint -->
          
      <!--  <http:request config-ref="HTTP_Request_Configuration_for_UPS_service" path="/webservices/Ship" method="POST" doc:name="HTTP">
            <http:request-builder>
                <http:header headerName="soapAction" value="http://onlinetools.ups.com/webservices/ShipBinding/v1.0"/>
            </http:request-builder>
        </http:request>  -->
        
         <catch-exception-strategy doc:name="Choice Exception Strategy">
            <logger message="Exception main flow &gt;&gt;&gt;&gt;&gt;&gt;&gt;&gt;&gt;#[message]" level="INFO" doc:name="Logger"/>
            <cplog:logevent endpointName="VM_CPLogEvent_Endpoint" messageRef="#[message.outboundProperties['cpMessageRef']]" eventType="Process" eventStatus="FAILED" eventDescription="#[exception.getMessage()]" eventSeverity="ERROR" fileTypeCode="#[message.outboundProperties['cpFileTypeCode']]" doc:name="eB LogEvent-Error"/>
            <component doc:name="Java">
                <spring-object bean="LocalExceptionMapper"/>
            </component>
            <logger message="Main Flow :Exception Payload&gt;&gt;&gt;&gt;&gt;&gt;&gt;&gt;#[message.payloadAs(java.lang.String)]" level="INFO" doc:name="Logger"/>
            
            <!-- CP LOG -->
            <cplog:keyattributeevent endpointName="VM_CPKeyAttribute_Endpoint" messageRef="#[message.outboundProperties['cpMessageRef']]" doc:name="eB KeyAttributeEvent">
                        <cplog:key-attribute attributeName="DespatchAdvice.ID" expression="#[xpath('/da:DespatchAdvice/da:ID/text()')]"/>
             </cplog:keyattributeevent>
        </catch-exception-strategy> 
        
    </flow>
    
    <!-- Private flow for UPS WS -->
    <flow name="UPS_Web_Service">
        <vm:inbound-endpoint exchange-pattern="request-response" doc:name="VM" ref="VM_UPS_Web_Service_Endpoint"/>
        <copy-properties propertyName="*" doc:name="Copy Properties"/>
        <transformer ref="DespatchAdviceToShipmentReqTransformer" doc:name="Map Despatch Advice to Shipment Request"/>
        
         <!-- CP LOG -->
        <cplog:logevent endpointName="VM_CPLogEvent_Endpoint" messageRef="#[message.outboundProperties['cpMessageRef']]" eventType="Process"  eventDescription="${cp.logevent.request.transformed.description}" doc:name="eB LogEvent " fileTypeCode="#[message.outboundProperties['cpFileTypeCode']]"/>
        <cplog:keyattributeevent endpointName="VM_CPKeyAttribute_Endpoint" messageRef="#[message.outboundProperties['cpMessageRef']]" doc:name="eB KeyAttributeEvent"/>
        <response>
            <copy-properties propertyName="*" doc:name="Copy Properties"/>
            <logger message="Resp Headers&gt;&gt;&gt;&gt;&gt;&gt;&gt;#[message]" level="INFO" doc:name="Logger"/>
            <transformer ref="ShipmentResToDespatchAdviceTransformer" doc:name="Map Shipment Response to Despatch Advice "/>
            <byte-array-to-string-transformer doc:name="Byte Array to String"/>
            <logger message="Despatch Advice Response with Label Data &gt;&gt;&gt;&gt;&gt;&gt;&gt;&gt;&gt;&gt;#[payload]" level="INFO" doc:name="Log Despatch Advice Response with Label Data"/>
            <cplog:logevent endpointName="VM_CPLogEvent_Endpoint" fileTypeCode="#[sessionVars['cpFileTypeCode']]" messageRef="#[sessionVars['cpMessageRef']]" eventType="Receive" eventDescription="${cp.logevent.response.receive.description}" doc:name="eB LogEvent"/>
            <cplog:keyattributeevent endpointName="VM_CPKeyAttribute_Endpoint" messageRef="#[sessionVars['cpMessageRef']]" doc:name="eB KeyAttributeEvent"/>
            <cplog:filearchiveevent endpointName="VM_FileArchive_Endpoint" messageRef="#[sessionVars['cpMessageRef']]" project="${filearchive.project}" messageType="${filearchive.messagetype.asa.response}" contentType="text/xml" encoding="#[message.outboundProperties['MULE_ENCODING']]" doc:name="Archive ASA Response"/>
        </response>
        <set-session-variable variableName="cpMessageRef" value="#[message.outboundProperties['cpMessageRef']]" doc:name="Set cpMessageRef"/>
        <set-session-variable variableName="cpFileTypeCode" value="#[message.outboundProperties['cpFileTypeCode']]" doc:name="Set FileTypeCode"/>
        <logger message="Shipment Request to UPS&gt;&gt;&gt;&gt;&gt;#[payload]" level="INFO" doc:name="Log Shipment Request to UPS"/>
        <cxf:jaxws-client operation="ProcessShipment" port="ShipPort" serviceClass="com.ups.ship.ShipPortType" doc:name="CXF">
            <cxf:inFaultInterceptors>
                <spring:ref bean="CustomSoapFaultInterceptor"/>
            </cxf:inFaultInterceptors>
             <cxf:outInterceptors>
					<spring:bean class="com.ebuilder.shipment.interceptor.SecurityHeaderInterceptor">
						
 						<spring:constructor-arg>
							<spring:map>
								<spring:entry key="Username" value="userName" />
								<spring:entry key="Password" value="Password" />
								<spring:entry key="AccessLicenseNumber" value="LicenKey" />
							</spring:map> 
						</spring:constructor-arg> 
					</spring:bean>
				</cxf:outInterceptors>
        </cxf:jaxws-client>
        <copy-properties propertyName="*" doc:name="Property"/>
        <logger message="SOAP Request to UPS &gt;&gt;&gt;&gt;&gt;&gt;&gt;&gt; #[message.payloadAs(java.lang.String)]" level="INFO" doc:name="Log SOAP Request to UPS"/>
       <!--  <response>
            <copy-properties propertyName="*" doc:name="Property"/>
            <logger message="After SOAP&gt;&gt;&gt;&gt;&gt;&gt;&gt;&gt;&gt;&gt; #[message]" level="INFO" doc:name="Logger"/>
             <cplog:logevent endpointName="VM_CPLogEvent_Endpoint" messageRef="#[sessionVars['cpMessageRef']]" eventType="Receive"  eventDescription="${cp.logevent.response.receive.description}" doc:name="eB LogEvent " fileTypeCode="#[sessionVars['cpFileTypeCode']]"/>
       		 <cplog:filearchiveevent endpointName="VM_FileArchive_Endpoint" messageRef="#[sessionVars['cpMessageRef']]" project="${filearchive.project}" messageType="${filearchive.messagetype.ups.response}" contentType="text/xml" encoding="#[message.outboundProperties['MULE_ENCODING']]" doc:name="Archive UPS Response"/>	
      
        </response> -->
        
         <!-- CP LOG -->
        <cplog:logevent endpointName="VM_CPLogEvent_Endpoint" messageRef="#[sessionVars['cpMessageRef']]" eventType="Process"  eventDescription="${cp.logevent.request.transformed.description}" doc:name="eB LogEvent " fileTypeCode="#[sessionVars['cpFileTypeCode']]"/>
       	<cplog:filearchiveevent endpointName="VM_FileArchive_Endpoint" messageRef="#[sessionVars['cpMessageRef']]" project="${filearchive.project}" messageType="${filearchive.messagetype.ups.request}" contentType="text/xml" encoding="#[message.outboundProperties['MULE_ENCODING']]" doc:name="Archive UPS Request"/>	
      
        <https:outbound-endpoint exchange-pattern="request-response" method="POST" connector-ref="HTTPS_Connector" address="${shipment.process.outbound.url}" responseTimeout="${shipment.process.outbound.timeout}" contentType="application/xml" doc:name="HTTP">
            <set-property propertyName="SOAPAction" value="&quot;document/http://onlinetools.ups.com/webservices/ShipBinding/v1.0&quot;" doc:name="SOAPAction"/>
        </https:outbound-endpoint>
        
        <catch-exception-strategy doc:name="Choice Exception Strategy">
            <logger message="Exception private flow &gt;&gt;&gt;&gt;&gt;&gt;&gt;&gt;&gt;#[message]" level="INFO" doc:name="Logger"/>
            <cplog:logevent endpointName="VM_CPLogEvent_Endpoint" messageRef="#[message.outboundProperties['cpMessageRef']]" eventType="Process" eventStatus="FAILED" eventDescription="#[exception.getMessage()]" eventSeverity="ERROR" fileTypeCode="#[message.outboundProperties['cpFileTypeCode']]" doc:name="eB LogEvent-Error"/>
            <component doc:name="Java">
                <spring-object bean="LocalExceptionMapper"/>
            </component>
            <logger message="Exception Payload&gt;&gt;&gt;&gt;&gt;&gt;&gt;&gt;#[message.payloadAs(java.lang.String)]" level="INFO" doc:name="Logger"/>
            
            <!-- CP LOG -->
            <!--  <cplog:filearchiveevent endpointName="VM_FileArchive_Endpoint" messageRef="#[message.outboundProperties['cpMessageRef']]" project="${filearchive.project}" messageType="${filearchive.messagetype.asa.response}" contentType="text/xml" encoding="#[message.outboundProperties['MULE_ENCODING']]" doc:name="Archive ASA Response"/> -->
            <cplog:keyattributeevent endpointName="VM_CPKeyAttribute_Endpoint" messageRef="#[message.outboundProperties['cpMessageRef']]" doc:name="eB KeyAttributeEvent">
                        <cplog:key-attribute attributeName="DespatchAdvice.ID" expression="#[xpath('/da:DespatchAdvice/da:ID/text()')]"/>
                        <cplog:key-attribute attributeName="Reason" expression="#[xpath('/da:DespatchAdvice/da:DespatchLine/da:Shipment/da:ShippingDocs/da:Document/da:Params/da:Param/da:Value/text()')]"/>
             </cplog:keyattributeevent>
        </catch-exception-strategy>
    </flow>
    
    <!--
	 - CPLogEvent private flow 
	 -->
	 <flow name="CPLogEvent" >
   		<vm:inbound-endpoint exchange-pattern="one-way"  doc:name="VM" ref="VM_CPLogEvent_Endpoint"/>

        <set-variable variableName="originalPayload" value="#[payload]" doc:name="Keep reference to payload"/>
    	<copy-properties propertyName="*" doc:name="Copy properties"/>
     	<until-successful objectStore-ref="ObjectStore_CPLogEvent" maxRetries="${cplogger.amqp.maxretries}" secondsBetweenRetries="${cplogger.amqp.retrydelay}" doc:name="Until Successful">
        	<amqp:outbound-endpoint exchangeName="${cplogger.logevent.amqp.exchange}" routingKey="${cplogger.logevent.amqp.routingkey}" responseTimeout="10000" connector-ref="AMQP_CPLogger_Connector" doc:name="AMQP"/>
    	</until-successful>
        <catch-exception-strategy doc:name="Catch Exception Strategy">
	        <set-variable variableName="dlqId" value="#[java.util.UUID.randomUUID()]" doc:name="Create Id"/>
            <logger message="#['Logging of log event failed. Backup is stored in ${cplogger.logevent.dlqdirectory}/' + dlqId]" level="ERROR" doc:name="Logger"/>
            <set-payload value="#[originalPayload]" doc:name="Recover Payload"/>
            <file:outbound-endpoint path="${cplogger.logevent.dlqdirectory}" responseTimeout="10000" doc:name="File" outputPattern="#[dlqId + '.dat']"/>
        </catch-exception-strategy>
	</flow> 
	
	<!--
	 - CPKeyAttributes private flow 
	 -->
	<flow name="CPKeyAttribute" >
    	<vm:inbound-endpoint exchange-pattern="one-way"  doc:name="VM" ref="VM_CPKeyAttribute_Endpoint"/>

        <set-variable variableName="originalPayload" value="#[payload]" doc:name="Keep reference to payload"/>
    	<copy-properties propertyName="*" doc:name="Copy properties"/>
    	<until-successful objectStore-ref="ObjectStore_CPKeyAttribute" maxRetries="${cplogger.amqp.maxretries}" secondsBetweenRetries="${cplogger.amqp.retrydelay}" doc:name="Until Successful">
        	<amqp:outbound-endpoint exchangeName="${cplogger.keyattribute.amqp.exchange}" routingKey="${cplogger.keyattribute.amqp.routingkey}" responseTimeout="10000" connector-ref="AMQP_CPLogger_Connector" doc:name="AMQP"/>
    	</until-successful>
        <catch-exception-strategy doc:name="Catch Exception Strategy">
	        <set-variable variableName="dlqId" value="#[java.util.UUID.randomUUID()]" doc:name="Create Id"/>
            <logger message="#['Logging of key attributes failed. Backup is stored in ${cplogger.keyattribute.dlqdirectory}/' + dlqId]" level="ERROR" doc:name="Logger"/>
            <set-payload value="#[originalPayload]" doc:name="Recover Payload"/>
            <file:outbound-endpoint path="${cplogger.keyattribute.dlqdirectory}" responseTimeout="10000" doc:name="File" outputPattern="#[dlqId + '.dat']"/>
        </catch-exception-strategy>
	</flow> 
	
	<!--
	 - File archive private flow 
	 -->
	 <flow name="FileArchive" >
	    <vm:inbound-endpoint exchange-pattern="one-way"  doc:name="VM" ref="VM_FileArchive_Endpoint"/>
        <set-variable variableName="originalPayload" value="#[payload]" doc:name="Keep reference to payload"/>
	    <copy-properties propertyName="*" doc:name="Copy properties"/>
	    <until-successful objectStore-ref="ObjectStore_FileArchive" maxRetries="${filearchive.amqp.maxretries}" secondsBetweenRetries="${filearchive.amqp.retrydelay}" doc:name="Until Successful">
    	   	<amqp:outbound-endpoint exchangeName="${filearchive.amqp.exchange}" routingKey="${filearchive.amqp.routingkey}" responseTimeout="10000" connector-ref="AMQP_FileArchive_Connector" doc:name="AMQP"/>
	    </until-successful>
        <catch-exception-strategy doc:name="Catch Exception Strategy">
	        <set-variable variableName="dlqId" value="#[java.util.UUID.randomUUID()]" doc:name="Create Id"/>
            <logger message="#['Logging to file archive failed. Backup is stored in ${filearchive.dlqdirectory}/' + dlqId]" level="ERROR" doc:name="Logger"/>
            <set-payload value="#[originalPayload]" doc:name="Recover Payload"/>
            <file:outbound-endpoint path="${filearchive.dlqdirectory}" responseTimeout="10000" doc:name="File" outputPattern="#[dlqId + '.dat']"/>
            <set-payload value="#[new String(message.outboundProperties)]" doc:name="Get properties"/>
            <file:outbound-endpoint path="${filearchive.dlqdirectory}" responseTimeout="10000" doc:name="File" outputPattern="#[dlqId + '.properties']"/>
        </catch-exception-strategy>
	</flow> 
    
     <sub-flow name="InitializeRequestMessage" >
        <expression-component doc:name="Set CPMessageInfo"><![CDATA[#[
         java.util.UUID u=java.util.UUID.randomUUID();
         message.outboundProperties['cpMessageRef'] =u.toString();
       // sessionVars['cpMessageRef']=u.toString();
         message.outboundProperties['cpFileTypeCode'] = '${asaservices.shipmentpro.request.ftc.id}';
        //sessionVars['cpFileTypeCode']='${asaservices.shipmentpro.request.ftc.id}';
        //  message.outboundProperties['userName']=xpath3('/da:DespatchAdvice/da:DespatchSupplierParty/da:UserName/text()');
        //  message.outboundProperties['password']=xpath3('/da:DespatchAdvice/da:DespatchSupplierParty/da:Password/text()');
        //  message.outboundProperties['accessKey']=xpath3('/da:DespatchAdvice/da:DespatchSupplierParty/da:AccessKey/text()');
                  
		]]]></expression-component>
    </sub-flow>
</mule>
