<?xml version="1.0" encoding="UTF-8"?>

<mule xmlns:http="http://www.mulesoft.org/schema/mule/http" xmlns:cxf="http://www.mulesoft.org/schema/mule/cxf" xmlns="http://www.mulesoft.org/schema/mule/core" xmlns:doc="http://www.mulesoft.org/schema/mule/documentation"
	xmlns:spring="http://www.springframework.org/schema/beans" 
	xmlns:xsi="http://www.w3.org/2001/XMLSchema-instance"
	xsi:schemaLocation="http://www.springframework.org/schema/beans http://www.springframework.org/schema/beans/spring-beans-current.xsd
http://www.mulesoft.org/schema/mule/core http://www.mulesoft.org/schema/mule/core/current/mule.xsd
http://www.mulesoft.org/schema/mule/cxf http://www.mulesoft.org/schema/mule/cxf/current/mule-cxf.xsd
http://www.mulesoft.org/schema/mule/http http://www.mulesoft.org/schema/mule/http/current/mule-http.xsd">
    <http:listener-config name="HTTP_Listener_Configuration" host="0.0.0.0" port="8084" doc:name="HTTP Listener Configuration"/>
    <flow name="cxfconsumer2Flow">
        <http:listener config-ref="HTTP_Listener_Configuration" path="cxfClient2" doc:name="HTTP"/>
        <expression-component doc:name="Expression"><![CDATA[payload='Upesh']]></expression-component>
        <cxf:jaxws-client operation="sayHello" serviceClass="com.hello.Hello" doc:name="CXF"/>
        <outbound-endpoint exchange-pattern="request-response" address="http://localhost:8088/mockHello" responseTimeout="30000" doc:name="HTTP/HTTPS"/>
    </flow>
</mule>
